Algorithm,Accuracy,Precision,Recall,F1
SVM,0.9115191986644408,0.9155937734078343,0.9115191986644408,0.9099004173019217
Random Forest,0.9031719532554258,0.9044815571845456,0.9031719532554258,0.9019804447766571
